-- phpMyAdmin SQL Dump
-- version 5.2.0
-- https://www.phpmyadmin.net/
--
-- Hôte : localhost
-- Généré le : dim. 22 oct. 2023 à 22:22
-- Version du serveur : 10.4.27-MariaDB
-- Version de PHP : 8.2.0

SET SQL_MODE = "NO_AUTO_VALUE_ON_ZERO";
START TRANSACTION;
SET time_zone = "+00:00";


/*!40101 SET @OLD_CHARACTER_SET_CLIENT=@@CHARACTER_SET_CLIENT */;
/*!40101 SET @OLD_CHARACTER_SET_RESULTS=@@CHARACTER_SET_RESULTS */;
/*!40101 SET @OLD_COLLATION_CONNECTION=@@COLLATION_CONNECTION */;
/*!40101 SET NAMES utf8mb4 */;

--
-- Base de données : `gestionBibliotheque`
--

-- --------------------------------------------------------

--
-- Structure de la table `eleve`
--

CREATE TABLE `eleve` (
  `numeroMatricule` varchar(10) NOT NULL,
  `nom` varchar(100) NOT NULL
) ENGINE=InnoDB DEFAULT CHARSET=utf8mb4 COLLATE=utf8mb4_general_ci;

--
-- Déchargement des données de la table `eleve`
--

INSERT INTO `eleve` (`numeroMatricule`, `nom`) VALUES
('05001', 'RASAMIMANANA Agaphé Red\'Ial'),
('05002', 'RANDRIANARIVO Andoarihasina Patrick'),
('05003', 'RAKOTONIAINA Andriamanjaka Mandroso Hasina'),
('05004', 'ANJARASOANIRINA Antoine Marie'),
('05005', 'SAMBATRA Elidah Rananokanantsoa'),
('05006', 'RAVELONANTENAINA Elie Nambinintsoa'),
('05007', 'RAMIANDRISOA Fanasina Ariniavo'),
('05008', 'ANDRIATSILAVO Fitahiana Michel'),
('05009', 'TSARAFIASY Ginoh Victor'),
('05010', 'ANDRIANJAFISOLO Herinambinina Claudio'),
('05011', 'RANDRIANARISOA Heriniavo Eusebe'),
('05012', 'ZO ANDRIANANTENAINA Jakin'),
('05013', 'FANAMBINANTSOA Judicaël'),
('05014', 'RAPHAELSON Laza Parfait'),
('05015', 'ANDRIANARIVO Liantsoa Jonah Bryan'),
('05016', 'RAMAROLAHY Lovanirina Adriano Carlo'),
('05017', 'TSIRISENA Luca'),
('05018', 'RASOLOARISOA Lucas Geoffroy'),
('05019', 'RANDRIANIRINA Manampy Hasina Raminosoa'),
('05020', 'RADALONIAINA Marie Ange - Michel'),
('05021', 'ANJANIRINA Myrie Ahmad'),
('05022', 'RAFANOMEZANTSOA Nestor'),
('05023', 'SAFIDINJANAHARY Nicolas'),
('05024', 'ANDRIAMANANTENA Niriantsoa Christalin'),
('05025', 'RANDRIANJAFY Nomenjanahary Angelo'),
('05026', 'RABOTOMANASA Ny Aina Rey Leansay'),
('05027', 'RAMANANTSIALONINA Rina Horefy'),
('05028', 'RAZAFIMAHARAVO Stanley Adams'),
('05029', 'RASOLONJATOVO Tolotsoa Fiderana'),
('05030', 'RANDRIANIRINA Tsihoharana Rojo Ismael'),
('05031', 'RAZAFINDRAFAMA Tsilavo Abelys'),
('05032', 'ANDRIANTSIFERANA Zafindraibe Edou Alphonse'),
('05033', 'SOLONIRINA Pierrot Benjamin'),
('07001', 'TAHIRIMPITIA Andrinirina'),
('07002', 'SARINDRA Anselme Severin'),
('07003', 'RAKOTONDRASOA Avotiana Anthony'),
('07004', 'VAHATRINIAINA Avozara Nofinidinavalona'),
('07006', 'RAMBELOSON Fanomezantsoa Michou Steven'),
('07007', 'ANDRIANANDRASANA Gadonirina Angelot'),
('07008', 'ANDRIANTINA Herintsoa Angelo'),
('07009', 'HERINANTENAINA Jacquis Gracyah'),
('07010', 'MAHARONAMBININTSOA Jaona Andriantsalama'),
('07011', 'RASOLOHERIMANDIMBY Joronandraina Estel'),
('07012', 'DAY HARIMANANA Justin'),
('07013', 'RAKOTOVONONA Mahandry Paulin'),
('07014', 'TOVONASY Maherlah'),
('07015', 'RAKOTOMAHARO Marc Ghino'),
('07016', 'RAFOLONOMENJANAHARY Mickael Aslain Fabien'),
('07017', 'HERITIANA Mickael Fabrizio Patrick'),
('07018', 'ANDRIANIRINA Mouhali'),
('07019', 'RATSIMBAZAFY Nantenaina Michel'),
('07020', 'RAZAINDRAINY Samsaïde Mikaia'),
('07021', 'ROCHEFEUILLE Sebastien Antony'),
('07022', 'RAVELOMANANTSOA Simon'),
('07023', 'RAMANOELISON Sitrakiniaina Mirado'),
('07024', 'RAZAFIMANJARY Tafita'),
('07025', 'RANDRIAMIHAJAMANANA Tokiniaina Eddy'),
('07026', 'DIMBINIRINAVOLAZA Tsiahisento'),
('07027', 'ANDRIANANTENAINA Tsiresy Ny Rina Haivo'),
('10101', 'RANDRIANANTENAINA Tsiresy John Kevin'),
('10102', 'RAMAHARAVO Adoré Placide'),
('10103', 'RAKOTOSON Alan'),
('10104', 'ANDRINIAINA Ambinintsoa Frédérico'),
('10105', 'ANDRIANIRINA Ando Mitia Florentinoh'),
('10106', 'RAMAMPIANDRA Andritiana Michel'),
('10107', 'RANDRIAMBOAVONJY Anjaranirina Mahandrisoa Philibert'),
('10108', 'RANDRIANANTENAINA Arthur Stephan'),
('10109', 'RASOLONIAINA Bienvenue'),
('10110', 'HERINOMENJANAHARY Brayane Tharsicio'),
('10111', 'ANDRIASOANDRO David'),
('10112', 'ANDRIARITINA Diamondra Sylvano Ygnace'),
('10113', 'ANDRIAMIHAJA Elie Brayane'),
('10114', 'RAHAJARIVONY Fanantenana Rodin'),
('10115', 'RABENJAMIHAJA Vahatra Arifenitra'),
('10116', 'RAMANANJANAHARY Hajainiarintsoa Yvan'),
('10117', 'RAKOTOSON Heriniaina Lovasoa'),
('10118', 'MAMIARINOSY Heritiana Angelicot'),
('10119', 'RAKOTOZANANY Iriantsoa Ny Avo'),
('10121', 'HERINIAINA Jelden Augustin'),
('10122', 'ANDRIANARIVONY Jeremia'),
('10123', 'SOLOFONIHARENA Joromitanjona'),
('10124', 'RANDRIANAROVANIAINA Judicaël'),
('10125', 'RANDRIAMAMONJISOA Kassidy Wilsey'),
('10126', 'RASOLONJATOVO Kheddi Niaina Fréderico'),
('10127', 'AJEBRI Léonnel Anselme'),
('10128', 'ANDRIANAMBININA Louis Thomazd Garcia'),
('10129', 'NOMENJANAHARY Lucas Marcelo'),
('10130', 'RATIARISON Maminiaina'),
('10131', 'ANDRIAMAHERIMANANA Mamintsoa Aaron'),
('10132', 'RANDRIAMANANTENA Mandaniaina Diarintsoa Manou Armel'),
('10133', 'MBOLATENATINA Manjaka Sylva'),
('10134', 'VONJINIRINA Marcello Dylan'),
('10135', 'ANDRINTSOA Vatohasina'),
('10136', 'ANDRIANOTAHIANTSOA Miarotiana Léonel'),
('10137', 'ANDRIANIAINA Mirantsoa Brayan'),
('10138', 'FALIMANANA Mosa Manjolaza'),
('10139', 'RANDRIANIRINA Nehemia'),
('10140', 'MAHAZOSOA Nomen\'Iavo'),
('10141', 'RANDRIANIRINA Nomenjanahary Maxime'),
('10142', 'RANDRIANARAHINA Ny Harenantsoa'),
('10144', 'FANDRESENA Samson Magioh'),
('10145', 'RAZANAMAHANDRY Santatriniaina Odilon'),
('10146', 'RANDRIANANTENAINA Tanjonirina Pierre'),
('10147', 'RAKOTOZAFY Tokiniaina Sarobidy'),
('10148', 'RASAMBIARIVONY Tovera Kenny'),
('10149', 'RABENARIVO Tsilavina Martino'),
('10150', 'SETRANIAINA Tsilavisoa Steryo'),
('10151', 'RATSIMANDRESY Salanitra'),
('10152', 'ANDRIANIRINA Isma Naya'),
('10201', 'MANDANIAINA'),
('10202', 'RATSIMBAZAFY Aina Eddy Fahendrena'),
('10203', 'ROVATSIRESINASOLO Alliance Michello'),
('10204', 'RAKOTOARISOA Amboara Judica'),
('10205', 'HERINIRINA Andriandraina Mampiova Ambinina'),
('10206', 'FANOMEZANTSOA Anjaraniaina Lucas'),
('10207', 'MAINIANDO Anthonyh Abyh'),
('10208', 'RAKOTONANDRASANA Chanli Gabriel'),
('10209', 'RALAINASOLO Delphe Bertho Fred-Or'),
('10210', 'ARILANDY El Raphaël De Paul'),
('10211', 'NANDRAINARISON Fanambinana Luciano'),
('10212', 'MIHAJALALAINA Finaritra Judickaël'),
('10213', 'TOJOARIMANANA Gilbert'),
('10214', 'ANDRIANJAKARIMANANA Harena Ajaina'),
('10215', 'ANDRIANAIVOSON Hariniaina Kerry Robson'),
('10216', 'RAZAFINETY Haro Kanty'),
('10217', 'TOLOJANAHARY Hasiniaina Fabrice'),
('10218', 'RAZAFIARSON Hasinjara Mamisoa Elysé'),
('10219', 'RANDRIANIAINA Henintsoa Urlich'),
('10220', 'TOLOJANAHARY Henitsoa Fidèle'),
('10221', 'RANDRIANANDRASANA Herinjaka Alexio'),
('10222', 'RATEFINJANAHARY Hotahiana Miahy Yoann'),
('10223', 'RANDRIANASOLO Kenzo Evan'),
('10224', 'RAMANANTSOA Koloina Arsène'),
('10225', 'ANDRIANARIJAONA Koloina Sarobidy'),
('10226', 'RAVAKINIAINA Lahatra'),
('10227', 'RANDRIANARISOA Lotera Jerry'),
('10228', 'RABEARINAROVANA Lovarilalaina Balloteli'),
('10229', 'RASOLOFOELISON Mamitiana Gael'),
('10230', 'NJAKAFITIA Mario Marzio'),
('10231', 'RAOZIMANDIMBIARISOA Miarina Fandresena'),
('10232', 'RAKOTONIAINA Mihaja Misetra'),
('10233', 'FANAMBINANTSOA Nirina Elie'),
('10234', 'RANDRIAMALALA Nomenjanahary Ando Romino'),
('10235', 'FANIRIANTSOA Nomenjanahary Odilon'),
('10236', 'NIRINTSOA Nomenjanahary Staers'),
('10237', 'FANDRESASOA Odiance'),
('10238', 'GABRIEL Ratsimbazafy'),
('10239', 'RANDRIAMIHAJA Sandrino'),
('10240', 'RAZAFINDRANAIVO Sarobidiniaina Annociat'),
('10241', 'RAZAFINDRAJAONA Tanjakiniaina Larion Sarobidy'),
('10242', 'RAKOTONIRINDRAINY Toavina François'),
('10243', 'RANDRIANITSIRIANA Tolotriniavo Aimé'),
('10244', 'RANDRIANANDRASANA Tsiorimanana Adriano'),
('10245', 'LANTONIAINA Tsizaraina Laryo'),
('10246', 'FITAHIANTSOA Valimbavaka Mickaël Richard'),
('10247', 'RANDRIANANDRASANA Amboara Nirikoela Angeluçio'),
('10248', 'MANAGNOLO'),
('10249', 'MAMINIRINA Fitiavaniaina Ernestor'),
('10250', 'NY HAJANIRAINY Maromaniry Lorenzo Ethan'),
('11101', 'RAZAFIMANANTSOA Andrianina Marcello'),
('11103', 'RALAIVAO Anjaranomenjanahary Fifalina'),
('11104', 'MBOLANIAINA Aryan Lucio'),
('11105', 'DESANANTENAINA Diary'),
('11106', 'HARINIAINA Dina Fandresena'),
('11107', 'RAHARIJAONA Ethan'),
('11108', 'SOMBINIAINA Fanambinantsoa Faurtinoh'),
('11109', 'VONY NY AINA Fanamby'),
('11110', 'TOLOJANAHARY Fanasina Cyntiano'),
('11111', 'ANDRIAFINARITRA Fenohery Elias'),
('11112', 'MAMINIRINA Fiorenantsoa Princy'),
('11113', 'YANNICK Fitahiana Lucas Johnathan'),
('11114', 'RAHERINJATOVO FitahianjanaharyLucia'),
('11115', 'RANDRIAMIARANTSOA Frank Fabien'),
('11116', 'RAVELOSON Hajanantenaina Joyca Savio'),
('11117', 'RAMANANJATOVO Hasiniaina Lucien Gabriel'),
('11118', 'MANDIMBIRAY Ignace Sambatra Mathias'),
('11119', 'NOENJANAHARY Jean Flavio'),
('11120', 'RAHAINGOALIDERA Kevin Noâm'),
('11121', 'NOMENJANAHARY Lahatriniaina Lucas'),
('11122', 'NAROVANJANAHARY Lariot Jean Christophe'),
('11123', 'ANDRIAMALALA Maminiaina Henintsoa Alvyn'),
('11124', 'RATSIMBARISON Maminiaina Julicioh'),
('11125', 'RAZAFINDRADISON Mandaniaina Navalona'),
('11126', 'RANDRIANARIVONY Mbolatiana Loïc'),
('11127', 'ANDRIAMIADANA Mihajanirina Josoa'),
('11128', 'TOLOJANAHARY Miranto'),
('11129', 'DAVIDSON RASOLONJATOVO Misaina Fenohery'),
('11130', 'MANJAKANIRINA Nehemia'),
('11131', 'ANDRIANOMENJANAHARY Nick Brandon'),
('11132', 'RALAIHERINDRAIBENY Niriko Peterson'),
('11133', 'RAMANANDRAIBE Nirina Fabien'),
('11134', 'RAKOTOMALALA Nokasaintsoa Sitrakiniavo Rohy'),
('11135', 'SANTATRINIAINA Nomenjanahary Alexandre'),
('11136', 'ANDRIANIRAINY Notahiantsoa Eldino'),
('11137', 'RANDRIANAIVOSON Princie'),
('11138', 'FENITRA Rhyan Kim'),
('11139', 'ANJARANIAINA Rickaël'),
('11140', 'AMBININTSOA Rovarisena Rudih José'),
('11141', 'RANDRIAMAMPIONONA Sarobidy Miarintsoa'),
('11142', 'NOMENJANAHARY Stephane Isael'),
('11143', 'NOMENJANAHARY Tafitasoa Laurent Gaël'),
('11144', 'ANDRIAMANALINA Toky'),
('11145', 'RAKOTONIRINA Tolotriniavo Arian'),
('11146', 'ANDRIANARIVO Tsiaro Ny Aina Frédéric'),
('11147', 'ANDRIAMPENO Tsitohaina'),
('11148', 'ANDRIANINTSOA Jean Philberto'),
('11201', 'RARIVOMANANTSOA Andriambola Henikaja'),
('11202', 'NASANDRATRINIAVO Andritiana Mandresy'),
('11203', 'RANDRIANIRINA Armando Joseph'),
('11204', 'RAMANATSIMANOSIKA Daniel Bryan'),
('11205', 'RAFANOMEZANTSOA Elia Olivier'),
('11206', 'RAKOTOMALALA Fabio Asley Caddy'),
('11207', 'RAVOSON Fanambinantsoa Nekeniavo'),
('11208', 'ANDRIAMALALA Fanantenana Anaël'),
('11209', 'RATOLOJANAHARY Fanevasoa Désiré'),
('11210', 'MAILHOL Fanomezantsoa Luc Hugo'),
('11211', 'HASIMANANA Fenovonjy Stanislas'),
('11212', 'NAMBININTSOA Fitahiana'),
('11213', 'RAZAFINDRAKOTO Fitahianjanahary Lioka Michel'),
('11214', 'RATSIMBAZAFY François Daniel'),
('11215', 'FANAMBINANTSOA Frédéric Lhario'),
('11216', 'FANAMBINANTSOA Hasiniaina Eliace'),
('11217', 'FANAMBINANTSOA Heriniaina Aristide'),
('11218', 'ANDRIVONJY Heriniaina Myrandie'),
('11219', 'RALAIRAVO Irenot Fitiavana'),
('11220', 'HASINDRAINY Jordy Douglas'),
('11221', 'TOLOJANAHARY Kantoniaina Heritina'),
('11222', 'FANOMEZANIAINA Kevin Stanie'),
('11223', 'FANAMBINANIAINA Lalaina Christianot'),
('11224', 'RANDRIANIMIANTSA Lucky Bruno'),
('11225', 'RAKOTONIRINA Manandanja Romain Augustin'),
('11226', 'FANAMBINANTSOA Marielo'),
('11227', 'NOMENJANAHARY Miaro Misaina'),
('11228', 'RAZAKAHARIVELO Miharitiana Joseph Maldini'),
('11229', 'RANDRIANASOLO Mirindraniaina Princy'),
('11230', 'ANJARANIAINA Narovanjanahary Christian'),
('11231', 'RASOLOFONIAINA Nekena'),
('11232', 'MAHENINA Nomeniavo Herimanjato'),
('11233', 'SAFIDISOA Nomenjanahary Rantsa'),
('11234', 'IRINTIANA Ny Avo Fanambinantsoa'),
('11235', 'RAMANANDRAIBE Rayan Elmy'),
('11236', 'KOLOINA Riche Yvann'),
('11237', 'TOAVIMBONINAHITRA Roger Adrianaud'),
('11238', 'RATSARAHONENANISOA Sarobidy Dorat'),
('11239', 'ANDRIANJATO Seth Stanislas'),
('11240', 'AINARIJAONA Steeven Rhayane'),
('11241', 'ANDRIANIRINA Tiaray Fanomezantsoa'),
('11242', 'RANDRIANANJARIANA Tolotriniaina Sergio'),
('11243', 'ANDRIANIRINA Toniniaina Tinot'),
('11244', 'NASANDRATRINIAVO Tsiresy Nambinina'),
('11245', 'ANDRIAMAHAY Tsiresy Rica'),
('11246', 'RANDRIAMAMINIALA Yvanne Le-One'),
('11247', 'ANDRIANASOLO Fanomezantsoa Ismaël'),
('11248', ''),
('12101', 'RASOLONJATOVO Aimé Aliace Sitraka'),
('12102', 'ANDRIANIRINA Alphonse Etann'),
('12103', 'HARENTSOA TOLOJANAHARY Andriano'),
('12104', 'RAJAONA Andritiana Elrick'),
('12105', 'VENTSONANTENAINA Andy Joïca'),
('12106', 'HASINIAINA Antonio Dylan'),
('12107', 'HAJAFANIRINA Ariane Joachim'),
('12108', 'ANDRAINA Chérubin'),
('12109', 'NOMENJANAHARY Dhamiane Isael'),
('12110', 'MIADANARIVO Elie Valerien'),
('12111', 'ANDRIANJATONARIVO Fenitra Michèl'),
('12112', 'ANDRIANIRINA Fitiarisoa Tovomalala'),
('12113', 'RANDRIAMBOLOLONA Harena Loyan'),
('12114', 'RAKOTONIRINA Hasinasoavina Armando'),
('12115', 'ANDRIANIRINA Henintsoa Herick'),
('12116', 'FITAHIANTSOA Heritiana Islah Claudio'),
('12117', 'ANDRIANJAKA Joahnne Kenedy'),
('12118', 'ANDRIAMIHAJA Joelsinoh'),
('12119', 'ANDRY MANAMPISOA Kevine'),
('12120', 'RAMBOLAMANANA Juninho Hassan'),
('12121', 'FANOMEZANA SAROBIDY Landry Idealy'),
('12122', 'ANDRIANINJANAHARY Maharo Tsitohaina'),
('12123', 'RANDRIANARIMALALA Maminiaina Brayan'),
('12124', 'ONIMIRIJA Mauricio Scharelson'),
('12125', 'TOLOTRINIAINA Mialy Nirina'),
('12126', 'NDRANTONANTENAINTSOA Miharitia Nathaël'),
('12127', 'MIHARINJATOVO Mijoro Fanevasoa Nirina Rosaryo'),
('12128', 'RANDRIANOMENJANAHARY Nandrianina Ricardo'),
('12129', 'RANAIVOSOA Nirifehizoro Ambinintsoa'),
('12130', 'MAHARANGA Nirilanto Gentilhomme'),
('12131', 'TOJONIAINA Nirina Olvanno'),
('12132', 'RAZAFINTSALAMA Ny Herintsoa Arivelo'),
('12133', 'LEFITRA Ramahavita'),
('12134', 'RAKOTOMALALA Ranto Ny Aina Elie'),
('12135', 'RAKOTONIRINA Riantsoa Fenohasina'),
('12136', 'FINDRARILIVA Sandro David'),
('12137', 'TOKINIAINA Sarobidy'),
('12138', 'SAFIDISOA Tahiniavo'),
('12139', 'RANDRIAMIARISON Tendrinjanahary Manda'),
('12140', 'ANDRIANIAINA Théo Brayan'),
('12141', 'BARINDAZA Tovomihaja Djaden'),
('12142', 'RANDRIANANTENAINA Tsilavina John Gaëtan'),
('12143', 'RANDRIAMANDIMBISOA Tsitakatra Aaron'),
('12144', 'RAZAFIMAHARAVO Victory Adam\'s'),
('12145', 'RANDRIANAIVO Dialy Nofy'),
('12201', 'RAHARIJAONA Adel Randy'),
('12202', 'ANKAFIZINOMENTSOA Aina Adoré'),
('12203', 'ANDRIANAVALONA Alinoro'),
('12204', 'ANDRIATSILAVOHERISAINA Andhy Loïc'),
('12205', 'RAMANANDRAIBE Andrinirina Nathan Eddy'),
('12206', 'HERIZO Anjatiana Dayane Françisco'),
('12207', 'HERIMANJAKA Antso Fiderana Ullys'),
('12208', 'TAONTSOA Diego Heisen'),
('12209', 'TSIFERANIAIKO Ethan'),
('12210', 'RAZAKATIANA Fanirinirainy Michaël'),
('12211', 'RATONGASON Fayezed Bien Aimé'),
('12212', 'HOBINJANAHARY Fitahiantsoa Jerry'),
('12213', 'RAVONIMANANA Françisco Nirintsoa'),
('12214', 'FENOHASINA MAMINIRINA François Elteddy'),
('12215', 'RAZAFINDRAKOTO Harena Ny Avo Miorahasina'),
('12216', 'RAJAONA Hasiniaina Ambinintsoa'),
('12217', 'ANDRIATOLONIAVO Heriniaina Rynnaldie'),
('12218', 'RANDRIANARIVO Heritina'),
('12219', 'ANDRIAMBOLOLONA Iarikanto Harentsoa'),
('12220', 'LAHATRAMAMPIONONA Iaritra Fahazavana'),
('12221', 'AMBININJANAHARY Joe Fortunie Laurent'),
('12222', 'RABARISON Johan'),
('12223', 'SOLOFONIHARENA Kintanimandresy'),
('12224', 'NOMENDRAIBE Lovatiana Olinho'),
('12225', 'RAKOTOVAO Mamindrainy Arnod'),
('12226', 'FITAHIANTSOANIAVO Manambina Mickaël'),
('12227', 'HARINIAINA Miaro Ny Aiko Sarobidy Ambinintsoa'),
('12228', 'RASOLOMAMPIANDRA Miranto Zorah'),
('12229', 'LAHATRINIAINA Nekena Tefintsoa'),
('12230', 'ONINIAINA Niriko'),
('12231', 'RAKOTONIAINA Nirindrainy Zoé Mayah'),
('12232', 'RAZAFIMAHARONTSOA Nomena Christian'),
('12233', 'ANDRIANANTENAINA Princy Naylah'),
('12234', 'SENTOMANDROSO Rayan Camiloh'),
('12235', 'ANDRIAMIHANINA SANTATRINIAINA Odilon'),
('12236', 'RAMAMONJISOA Sitrakiniavo Jeremia'),
('12237', 'RAKOTOARISON Sylvin Marcel'),
('12238', 'LAHINIRIKO Tahiriniaina Judicaël'),
('12239', 'RAZAFINTSALAMA Tendry Ny Aina'),
('12240', 'ANDRIALALAINA Tiavinamalala Feno Fiadanana'),
('12241', 'RALY Tsihoarana Ronsardi'),
('12242', 'RAFANAMBINANTSOAHERINIAINA Valerie Gracio'),
('12243', 'ANDRIANANTSOINA Ylda'),
('12244', 'FAGNETSOMANA Arnah Tina Adrienoh'),
('12245', 'RALAHYPIERRET Ny Andry Sarobidy'),
('15001', 'ANDONIAINA Aimé Fidèle'),
('15002', 'BOTO Cégar Fila Nantenaina Joseph Marius'),
('15003', 'TOLOTRINIAINA Eddy Dilane'),
('15004', 'TOJONIRINA Eliace'),
('15005', 'RAKOTONIRINA Elio'),
('15007', 'RANDRIAFIDISON Fanomezanjanahary Deniot'),
('15008', 'RAMAROLAHY Hasina Ubert Manoel'),
('15009', 'RASOLONDRAIBE Hasiniaina Fabien'),
('15010', 'RASOLO Heninkaja Horenampanambinantsoa'),
('15011', 'NOMENJANAHARY Henintsoa Joliot Kevin'),
('15012', 'RALAHY Heriniaina Joshua Yoan'),
('15013', 'RANDRIAMANGA Hermann Francis'),
('15014', 'RAKOTONIAINA Iagarinoro Nohodidininjanahary Famindrampo'),
('15015', 'ZAFIRADA Jean Nicot'),
('15016', 'RANDRIANIRINA Jean Noelson'),
('15017', 'HERIMALALA TOKIFIONONANA Jenny'),
('15018', 'RAZAFIMANDIMBY Joseph Alexis'),
('15019', 'RAZANAMAMPIANDRA Lioka Solomampionona'),
('15020', 'FANOMEZANA Marcello Jacquis'),
('15021', 'RAKOTOVAO Miandra Rojoniaina'),
('15022', 'ANDRIAMALALA Mirado Valisoa Irina'),
('15023', 'RAKOTONIRINA Nambinintsoa Lala Chancielo Todisoa'),
('15024', 'ANDRY Nantenaina Bienvenu'),
('15025', 'RAKOTONINDRAINY Nekena Hélino'),
('15026', 'ANDRIATSARATOETRA Nisantatriniaina'),
('15027', 'TSILAVINA Nomenjanahary Lalaina Josvah'),
('15029', 'TSITOHAINA Rakotonarindraharimanana Aimé'),
('15030', 'RAMANDIAMANANA Santatra Ny Aina'),
('15031', 'DIMBINIAINA Solofosantatra Marcellin'),
('15032', 'ANDRIATSITOHAINA Tafitaniaina Paôlau'),
('15033', 'HANITRINIAINA Tahinjanahary Angelo'),
('15034', 'ANDRIANTSOAMITADY Théo Schinino'),
('15035', 'FANOMEZANTSOA Tokiniaina Thierry Anthony'),
('15036', 'RAKOTONARIVO Tonny Lucas'),
('15037', 'ANDRIANJANDRA Tsizaraina Faneva Zafitsimahaiva'),
('17001', 'RAZAFIMAHATRATRA Andrianambinina Zo Jean Eric'),
('17002', 'IRINAH Andrianina'),
('17003', 'RAMAHEFARSON Cedric'),
('17004', 'BOTO Cegar Hamba Ruphin'),
('17005', 'RABE ANDRINAVALONA Diary François'),
('17007', 'FANILONIAINA Fabrice Linda'),
('17008', 'FENO Fanomezantsoa Richard'),
('17009', 'HAJANIRINA Fenotoky Johnnyo'),
('17010', 'BOTODESA Florys'),
('17011', 'RALIHARITSOA Haja Mahery'),
('17012', 'RANARIVELO Iriantsoa Andy Noah'),
('17014', 'SAFIDINIRINA Lay Sylvano'),
('17015', 'ANDRIANOELSON Miranto Armel'),
('17016', 'RAKOTONIAINA Naivomanana Fandresena'),
('17017', 'ANDRIAMANALINA Niriantsoa Tiavina'),
('17018', 'RAKOTONIRINA Odon Eric'),
('17019', 'ANDRIANIRINA Patou Modesto'),
('17020', 'RANDRIAMIHAJA Sitrakiniaina'),
('17021', 'ANDRIANIRINA Tokihery Stany'),
('17022', 'RAMANANDRAY Tsiafoy Rhodino'),
('17023', 'ANDRIAMIHAJA Yvon'),
('20101', 'FERNOLAS'),
('20102', 'VALIHARISON Adoré Gaetanos'),
('20103', 'ANDRIANATSIARO Alinoro'),
('20104', 'AINA NOMENJANAHARY Ambinintsoa Eric'),
('20105', 'HERIZO Andotiana Dwyane Ulrich'),
('20106', 'RAZAFINDRAMASY Anjaratiana Richardino'),
('20107', 'RASOLONDRAINOMEZANAHARY Derinestin Judicaël'),
('20108', 'RAZAFINDRAKOTO Dominique'),
('20109', 'NY FENOHERINJAKA Etienne Nithaya'),
('20110', 'FANIRIELA fanantenana gabriel'),
('20111', 'ANDRIANANTENAINA Fanomezantsoa Histoïque'),
('20112', 'RAVELOMANANA Fehizoro Tsilavo'),
('20113', 'RALAIAVY Messyh Fitia Ruddy'),
('20114', 'TINARIMANANA Heriniaina Johny'),
('20115', 'HAINGONANTENAINA Honoré'),
('20116', 'NANTENAINA Jean Herbert'),
('20117', 'ANDRIAMANANDANJA Jean Tout'),
('20118', 'WALTER Johan'),
('20119', 'RAMIANDRITSOA José'),
('20120', 'TSIFERANA Lefitriniaina Thierry'),
('20121', 'ANDRIAMIADAMANANA TANTELINIAINA Léon Paul Gabriel'),
('20122', 'RAMIHERINAMBININA Louis Frédéric'),
('20123', 'ANDRIAMANDIMBISOA Lucas Rinah'),
('20124', 'RATOLOJANAHARY Maminirina Ferdinand'),
('20125', 'ANDRIATSARATANJONA Naivosoa Valentino Ortégà'),
('20126', 'RAZAFIMALALA Nantenaina Edward'),
('20127', 'RAKOTONIAINA Narison'),
('20128', 'VELOSOA Natsara Tafita'),
('20129', 'RADIMBISOA Nomena Fitahiana'),
('20130', 'RAFALIARISOA Nomenjanahary Sylvestre'),
('20131', 'FANOMEZANTSAROBIDY Patrico Mercio'),
('20132', 'LOHARANONIAINA Rayan Dinho'),
('20133', 'RALALATIANA Rico Stivardo'),
('20134', 'NOELISAROBIDY Rodolphe Enselme'),
('20135', 'ANDRIANJOHARY Safidimaharo Mathieu'),
('20136', 'ANDRIALINIRINA Sandiniaina Jedidyo'),
('20137', 'RAKOTOARIMALALA Tahiry'),
('20138', 'ANDRIAMANALINA Tantely Benito Arnaud'),
('20139', 'RAVELOARISON Tolojanahary Fabrish Sabotsy'),
('20140', 'RAKOTOMALALA Tsiorinirina Tolotriniavo'),
('20141', 'RAZAFINOMENTSOA Wilfrid Clémond'),
('20142', 'RAKOTONAMBININA Willy Antonio Pièrre'),
('20201', 'RATOVOSON Aaron Clark'),
('20202', 'RANDRIAMAHENINTSOA Aina Eric Jones'),
('20203', 'RAZAFIMAKA Andoniaina Fanambinantsoa'),
('20204', 'RAJOMANANTSOA Andriniaina Odilon'),
('20205', 'RANJARISON Avotriniaina Elysé'),
('20206', 'TSABOTONIVO Billy Marlet'),
('20208', 'RAZAFIMAMONJY Christophe Joslyn'),
('20209', 'SOLOFO Dimbinirina Elisé'),
('20210', 'ROJOTIANA Enintsoa Odon'),
('20211', 'TIAVINAMANAMPISOA Fabrice'),
('20213', 'ANDRIANOMENJANAHARY Fiononana Alban'),
('20214', 'ZANDRIMBOLAMENA Fitiavantsoa Ange Fleury'),
('20215', 'FIDERANA Hoby Andrianarivony Rodinot'),
('20216', 'SOLOFONIAINA Jaona Marcello'),
('20217', 'RAKOTONIRINA Jean Baptist Joël Rodric'),
('20218', 'ANDRIAMAROMANJARY John Collins'),
('20219', 'RATSIMBARISON José Luc Miaritiana'),
('20220', 'RANDRIANAMBININA Kevin Frankie'),
('20221', 'RAZAFINDRAMANANA Léong Christiano Andys'),
('20222', 'RAMAHANDRY MANANTENASOA Luca Bienvenu Caëla'),
('20223', 'FANOMEZANTSOA Maminiaina Marc Pierre Antonio'),
('20224', 'RAFANAMBINANTSOA Maminiaina Sarobidy'),
('20225', 'RAZAFIMANDIMBY Mamitina Alfredo'),
('20226', 'RASOLONDRAIBE Nambinintsoa'),
('20227', 'SOLOFOSON Nantenaina Princy'),
('20228', 'HERINIAINA Ndrato Emmanuël'),
('20229', 'MAHATOMBONIAINA Nomenjanahary Safidy'),
('20230', 'RATEFINJANAHARY Ny Aina Kanto'),
('20231', 'FANASINDRAIBE Radoarisena Christiano'),
('20232', 'RATOVONDRAHONA Raymond Marvyn  Stevens'),
('20233', 'RANDRIAMBOLOLONA Rivotiana Noëlson'),
('20234', 'SEHENONIAINA Romain'),
('20235', 'RANDRIANANDRASANA Safidindrainy Gilbert'),
('20236', 'RANDRIANAIVO Tahindrainy Eugène'),
('20237', 'TSIARO Tanjona Diego Antonie'),
('20238', 'NY HARENA DIARY Thony'),
('20239', 'ANDRIANANTENAINA Tsilavina Angelo'),
('20240', 'TSITOHERIMANJAKA Tsiory Fitiavana'),
('20241', 'ANDRIANARIVONJY Zazah Tsitohay'),
('20242', 'RATOVOHERY Nasolondraibe Emmanuël Stani'),
('20243', 'TSIRESY Jacques Ramady Fortini'),
('2727', 'Angelo'),
('30101', 'RANDRIAMAHENINTSOA Aina Didi Jones'),
('30102', 'RAVELOSON Andrianantenaina Luca Arnaud'),
('30103', 'RANDRIAMAGNAVA Andritiana Liva Augustin'),
('30104', 'ANDRIANANDRASANA Annyah Erwan'),
('30105', 'ZAFIMAHOVA ANDRIANOELA Elphege Eric'),
('30106', 'TSIROVOHIARIMALALA Fakilahy Erany'),
('30107', 'RATSIMBAZAFY Fenitra Victor'),
('30108', 'ANDRIANIRINA Fifaliana Jonathan'),
('30109', 'RAFITAHIANJANAHARY Georges Jules'),
('30110', 'NOMENJANAHARY Harone Gaston'),
('30111', 'RANDRIANANDRASANA Jean Louis'),
('30112', 'RANDRIAMIRADO Jeremy Martial'),
('30113', 'RANDRIANARIVO Joshua Hardino Mahefa'),
('30114', 'HARIJAONA Khan Frédson'),
('30115', 'RAZAFINDRAIBE Lalatiana Jean Eric'),
('30116', 'ANDRIAMANANJAKA Luca'),
('30117', 'RATSIMBARISON Maminiaina Aimé Luck'),
('30118', 'RATOVOARISON Mamitiana'),
('30119', 'ANTSA FINOANA Mandarivony Rodin'),
('30120', 'TSILAVITRANDRIANA Mario Lémien'),
('30121', 'RANDRIAMANDROSO Mirindra'),
('30122', 'RANDRIAMBOLOLONA Mohamed Loïk'),
('30123', 'SITRAKINIAINA Nambinintsoa Sylvain'),
('30124', 'RAMAROLAHY Njarasoa Joseph'),
('30125', 'ANJARAMAMPIONONA Nomenjanahary Julio'),
('30126', 'RAKOTONIRINA Odon Michaël Cedric'),
('30127', 'RAKOTONIRAINY Ratsimbarison Herinjaka'),
('30128', 'RAKOTONIAINA Roméo Justin'),
('30129', 'NOMENJANAHARY Salama Etienne'),
('30130', 'ZAKARISOA Solo Andraina Nicolas'),
('30131', 'RAFIDIMALALANIRINA Tiavina'),
('30132', 'RATSIMBAZAFY Tiaviniaina Michel'),
('30133', 'ANDRIANOMENJANAHARY Tina Vianney'),
('30134', 'MANALILALAINA Tsiaro Ambinintsoa'),
('30135', 'HERINIAINA Velonjara Mickaël'),
('30136', 'ANDRIANARIVELO Noah Sandih'),
('30201', 'RAFANOMEZANTSOA Andriamanjato'),
('30202', 'HANITRINIAINA Andrianotahina Hervé'),
('30203', 'MANDIMBIHENINTSOA Anjara Mialitiana Noémie'),
('30204', 'MARIKO Cheick Oumar Aina'),
('30205', 'RANDRIANIRINA Erasto'),
('30206', 'RAKOTOSON Faly Gregoire'),
('30207', 'IANDRY NANTENAINA Faniry'),
('30208', 'RAHARISON Fanomezantsoa Alexandre'),
('30209', 'RANDRIANASOLO Fetraniaina Eric'),
('30210', 'RABEMANANTSOA Fialofana Nomen\'Ny Avo Amboaratiana'),
('30211', 'TAHINJANAHARY Francky Nathanaël'),
('30212', 'MAMISOA Hareniaina Sarobidy'),
('30213', 'ANDRIAMAHAZOSOA Herindrainy Hasitiana'),
('30214', 'MANJAKANIRINA Jeremie'),
('30215', 'RAHERINIRINA Joseph Bruno'),
('30216', 'RATSIRALOVANIRINA Kanto Fitiavana Roméo'),
('30217', 'RANDRIANANJANDRAIBE Landry'),
('30218', 'ANDRIANIMARO Luccah Lauréat'),
('30219', 'RINDRANIAINA Mandarijaona'),
('30220', 'FITAHIANTSOANIAINA Mandasarobidy'),
('30221', 'NIRINJANAHARY Mickael'),
('30222', 'HERIZAKATIANA Mitsahatra Fianteherana'),
('30223', 'RAKOTONIRINA Nantenaina Anthonio'),
('30224', 'RAMIANDRISOA Nico Randy'),
('30225', 'NIRINAHENINTSOA Nomena Romuald Eric'),
('30226', 'RAMAROHETRA Ny Irina Fanambinana'),
('30227', 'ANDRIANIAINA Onjatiana Felicien'),
('30228', 'ANDRIANAMPY Radonirina'),
('30229', 'RALALASON Rojotina Fitahiana'),
('30230', 'BOTOSOAMALANDY Sitrakiniaina Michaêl'),
('30231', 'RABENARIVO Soloheritiana Joseph Paul'),
('30232', 'RAMAMONJISOA Stenis Van-Gogh'),
('30233', 'RANDRIANARIVO Tantely Olivier'),
('30234', 'RATRAINA Tiavina Nirina Raymond Collin'),
('30235', 'ANDRIAMIADATIANA Tojositraka Luciano'),
('30236', 'RANDRIANIRINA Tsiory Michael'),
('3295', 'Angela'),
('3535', 'Frisco'),
('40101', 'RABOBA Adriamiharisoa Aimée'),
('40102', 'NIRINIAINA Al - Berhané'),
('40103', 'ANJARASAFIDY Ali Mirase'),
('40104', 'RATOBISON Andriatiana'),
('40105', 'FANOMEZANTSOA Bezara Aurélio'),
('40106', 'RAZANAJATOVO Christian Emmanuël'),
('40107', 'FANOMEZANTSOA claudio'),
('40108', 'ANJARASOA NAROVANJAGNAHARY Davidson'),
('40109', 'NAROVAMPITAHINA Dieu Donné Fabrice'),
('40110', 'NOMENJANAHARY Elie Michel'),
('40111', 'DINAMANANANIRAINY Fanantenana Fehizoro'),
('40112', 'ANDRIANANTENAINA Fanomezantsoa Donia'),
('40113', 'TOLOJANAHARY Fanomezantsoa Richard Enzo'),
('40114', 'ANDRIANIRINA Fanomezantsoa Yen'),
('40116', 'KIADY MIANDRY Fitahiana Maurenod'),
('40117', 'RANAIVONIARIVO Fy Tokiana Minoalisoa'),
('40118', 'RANDRIAMIHARISOA Gérvinho Mérlin de Lima'),
('40119', 'TSIMINDRATSARA Henri Fidelice'),
('40120', 'SOLOMAMPIONONA Jacquinot Joseph'),
('40121', 'WALTER Janerio Andrianaly'),
('40122', 'RAZAFINIAINA Jean Baptiste'),
('40123', 'RIVONIAINA Jean Marcelin'),
('40124', 'RAMANANDRAIBE Jean Viené'),
('40125', 'ANDRIANARISOA Julio Nessman Sarobidy'),
('40126', 'ANINTSOA Kewy Warren'),
('40127', 'MORAONINTSOA Kibanlly Eurolme'),
('40128', 'ZANAKINIAINA Lanjamanjato'),
('40129', 'RANDRIAMBOAVONJY Lanjaniaina Félix'),
('40130', 'ANDRIAMBOAVONJY Lovanantenaina Fréderic'),
('40131', 'ANDRIATSIMAMETRA Lovatiana Roberto'),
('40132', 'TOLOJANAHARY Mamitiana Christiano'),
('40133', 'RAKOTONIRINA Manampisoa Dinah'),
('40134', 'RAZAFIMANJATO Mihaja Tiana Nampoina'),
('40135', 'ANDRIAMAMPIOVASOA Nicolo Chris Styven Presley'),
('40136', 'RANDRIAMIALISOA Njoroniaina Angelos'),
('40137', 'RANDRIANIRINA Nomenjanahary Stéphan'),
('40138', 'RAKOTONIRINA Odon Lucas'),
('40139', 'ANDRIAMANAMIHAJA Philberto'),
('40140', 'ANDRIANANTENAINA Rado Fanorenana'),
('40141', 'TAFARAFAVISOANOMENA Sambatra Sayah'),
('40142', 'RAHERIMALALA LEFITRINIAINAZO Serge Joseph'),
('40143', 'ANDRIANJAFISOLO Sitraka Fifliana Desiré'),
('40144', 'RAKOTOMAMONJY Tendry Freebie Anselme'),
('40145', 'HASIMANDIMBILAZA Tiavina Romain Gabriel'),
('40146', 'RAKOTOSON Tokiniaina Antonio'),
('40147', 'RANDRIAMBOLOLONA Tolojanahary Alain Fabrice'),
('40148', 'RANDRIAMIHARY Tsihoarana Harris'),
('40149', 'RAKOTOMALALA Tsilavina Fitahiana'),
('40150', 'RAKOTOARISOA Tsiriniaina Jeremie'),
('40151', 'RAZAFINDRANARY Tsivery'),
('40152', 'RAZAFIMANANTSOA Yves Ephrem'),
('40153', 'ANDRIANIAINA Zo Nambinintsoa Princy'),
('40154', 'RAONINARIVO Heriniaina Fabrice'),
('40155', 'RABENANDRASANA Juan Ricardo Ismaël'),
('40201', 'TSIVALIA'),
('40202', 'ANDONIAINA aimé Fabrice'),
('40203', 'RAMAHERINAMBININA Albert Ferdinand'),
('40204', 'RANDRIAMALALA Ando NY Aina Ramaharoariva'),
('40205', 'NINOU RAVAKINIAINA Annick Zazah'),
('40206', 'ANDRIAMIARIMANANA Charly Nico'),
('40207', 'RANDRIAMILANTO Christianios Alphas Michel'),
('40208', 'RALAIARISOA Cristophe'),
('40209', 'RIJA ANDRIANANTENAINA Daniel Ortega'),
('40210', 'ANDRIANIELY Diarifaneva Agnesichrystophys'),
('40211', 'TSIORITSARA Donatien'),
('40212', 'NANDRASANA ARIMANANA Ernest Ismaël'),
('40213', 'ANDRIANJATONARIVO Fanasina Abel'),
('40214', 'RANDRIANARAHANA Fanomezantsoa Mahefa Ny Tokiana'),
('40215', 'JORONANTENAINA Fanomezantsoa Stephane'),
('40216', 'RANDRIANOMENJANAHARY Fenitriniaina Narys Sorayel'),
('40217', 'AVOFIDERANA Fiankina Razanajatovo'),
('40218', 'RAZAFIMANDIMBY Fitahiana Khaleba'),
('40220', 'ANDRIATAHIANTSOA Harena Sarobidy'),
('40221', 'ANDRIANARIVELO Heriniaina Princio'),
('40222', 'LALARIVONY Jammy Stanislas'),
('40223', 'NAMBININTSOA Jean De Dieu'),
('40224', 'RANDRIANAMBININTSOA Jean Philbert'),
('40225', 'RASOLONANTENAINA Jerry Celio'),
('40226', 'IRILANTONANDRIANINA Kévin Antonio'),
('40227', 'RAMANANDRAIBE Kiady Juliani'),
('40228', 'RANDRIANARIVO Lalaina Eric'),
('40229', 'RAMAROSANDRATANA Lefitruiniaina Jean Denis'),
('40230', 'ANDRIANOTAHINJANAHARY Lova'),
('40231', 'RAKOTOHARISON Lovatiana Frédérico'),
('40232', 'RANDRIANANTENAINA Lucianno Olivier'),
('40233', 'CEDRIC Maminiaina'),
('40234', 'RAMAROSON Mamy Ny Tia'),
('40235', 'RAHAJAMANANA Manampisoa Sanda Ny Aina'),
('40236', 'RAMAROKOTO Manantsoa Justin Jeremy'),
('40237', 'ANJARATIANA Mikantonirina Pasquiou'),
('40238', 'RAKOTONIAINA Natolotry Ny Avo Tojo Harena'),
('40239', 'NY ANDRIANA MANAKOHOAVY Nisandratravo'),
('40240', 'ANDRIATSIMAMETRA Nomenanahary Jonathan'),
('40241', 'ANDRIAMISA Ny Harena Sarobidy'),
('40242', 'ANDRIARIMANGA Paulet Elysé'),
('40243', 'ANDRIAMPARANY Romanuël'),
('40244', 'RASOLONDRAIBE Samuel'),
('40245', 'FANAMBINANTSOA sitraka elisé'),
('40246', 'RAKOTOMIHARIMANANA Sitraka Nantenaina'),
('40247', 'RANDRIAMAHAZO Solonjatovo Roméo Olivier'),
('40248', 'ANDRIANOMENKAJA Todisoa Claudius'),
('40249', 'RAMANAMPAMONJY Tokinomena Marinot Kenny'),
('40250', 'RAVELOMANANTSOA Tony Nisi'),
('40251', 'ANDRIAMANANTENA Tsilavina Ny Rina Haivo'),
('40252', 'NIRINARINAIVO Yassir'),
('40253', 'ANDRIANANTENAINA Zafy Tsimahaiva Isaia'),
('40254', 'ANDRIAMAMINIAINA Tafitasoa Stéphan'),
('50101', 'TOLOJANAHARY Maminiaina Olivier Christian'),
('50102', 'ANDRIAMIADATIANA Aina Orlando'),
('50103', 'RAKOTONIRINIAINA Ambinintsoa Jeck Kelly'),
('50104', 'MAROZAMA Ambinintsoa Victorio'),
('50105', 'RAJAONAH Andrianamonja Nirinela'),
('50106', 'RAKOTOMALALA Andriatsilavindraibe Solohaja Joseph Sarobidy'),
('50107', 'TSILAVINIRINA Avotriniaina Daniel'),
('50108', 'RANDRIAMALAZAHERY Christiano'),
('50109', 'HARIJAONA Dhu Yhan'),
('50110', 'YANNICK Ericko'),
('50111', 'RAKOTOZAFY Fanambinana Lalaintsoa Omega'),
('50112', 'RAZAFINANDRASANA Fanomezanjanahary Ismaël'),
('50113', 'RANDRIAMANANTENA Fehizoro'),
('50114', 'RATOVONOMENJANAHARY Fenohasina Najaina'),
('50115', 'RAJAONARISOA Fitia Herilala Kanou'),
('50116', 'RAINITSARA Harena Sarobidy Fréderique'),
('50117', 'FITIAVANIAINA Haritiana Mickaël'),
('50118', 'KEVIN ANDRIAMAHAZO Hasiniaina'),
('50119', 'RAZAFIMANJATO Heritiana Beranto'),
('50120', 'MAHITSY Irintsoa Logan'),
('50121', 'FENOHASINA Jade Victor'),
('50122', 'NOFISOANOMENJANAHARY Jean Frédéric'),
('50123', 'HASINDRAINY Jonathan Ellis'),
('50124', 'RAHAJALALAO Kevin Julio'),
('50125', 'FAMENONIRINA Love Mario'),
('50126', 'RAKOTONIRINA Mamisoa Kevin Mathieu'),
('50127', 'ANDRIANANTENAINA Mamitiana Patrick'),
('50128', 'RAKOTOZAFY Manuel Tsiory Famonjena Ny Aina'),
('50129', 'TSARAFIASY Maxime Juliot'),
('50130', 'RANDRIANARISON Mickael Angelo'),
('50131', 'RAFANOMEZANTSOA Mika Aro'),
('50132', 'RANDRIANARAHINA Narindra Ntsoa'),
('50133', 'RAFANANTENANA Ndimbisoa Jonathan'),
('50134', 'RAKOTONARIVO Nicky Jonhas'),
('50135', 'RANDRIANAIVO Nirindrainy Odilon'),
('50136', 'RATOLOTRINIAINA Nomenjanahary Riphaldo'),
('50137', 'RATEFINJANAHARY Ny Aina Miaro'),
('50138', 'ANDRE Paolo Wilfred'),
('50139', 'FETRANIAINA Paul'),
('50140', 'RAKOTONDRATSIMA Radoniaina Telesphore'),
('50141', 'NOMENJANAHARY Rojo Britto Toussaint'),
('50142', 'RANDRIATSARA Safidy Nomenjanahary'),
('50143', 'ANDRIANANTENAINA Sitraka Arijaona'),
('50144', 'ANDRAINA Stefano'),
('50145', 'RAKOTOMALALA Tafitasoa Tsiresy Laza'),
('50146', 'FANDRESENIAINA Tiavina Princy'),
('50147', 'RANDRIANANTENAINA Tokinirina Serges'),
('50148', 'ANDRIANANDRASANA Tolojanahary Samuel'),
('50149', 'ANDRIAMIHAJA Tsiory Joséphionot Michaêl'),
('50150', 'RANDRIARIMALALA Volatiana Giulio'),
('50151', 'ANDRINANTENAINA Vony Novah'),
('50152', 'ARINAIVO RAMAHERITO Lucas Nasoloniaina'),
('50201', 'MAMPIANDRARISON Aimé Antema'),
('50202', 'IFALIANOMENJANAHARY Alphonsio Rocel'),
('50203', 'RAJAONA Andriamanohisoa Fredo'),
('50204', 'TIAVINA Andrianjatovo'),
('50205', 'RAKOTOVAO Andriatsitoherina Louis Gervais'),
('50206', 'NOMENJANAHARY Arnaud Gaston'),
('50207', 'TAFITASOA Bruce'),
('50208', 'RAHERINIAINA Erica Sento'),
('50209', 'RANAIVO Faliniaina Luciano'),
('50210', 'NOMENJANAHARY Fanasiniaina Félicien'),
('50211', 'TOLOJANAHARY Fanomezantsoa Michaël'),
('50212', 'SOLOFONANTENAINA Finoana Mandresy'),
('50213', 'ZAFIARINEFO Gilberto Nantenaina'),
('50214', 'ANDRIAMANALINA Hasina'),
('50215', 'RAZAFIMAMONJY Heriniaina Stéphan'),
('50216', 'ANDRIAMANDROSO Hobiniaina Heritina'),
('50217', 'ANJARAFITAHIANA Isaoriazy Juliot'),
('50218', 'RALAIVAOMPANJATO Jean Barnabé'),
('50219', 'RAHERINANDRASANA Jean Herman'),
('50220', 'RAZANAJATOVO Johary'),
('50221', 'RAHARSON Joseph Nirina'),
('50222', 'RASOLONDRAIBE Liantsoa Fabio'),
('50223', 'RABEARINIARO Malalatiana Santos'),
('50224', 'TOVONJANAHARY Mamitiana'),
('50225', 'FIANKINANA Mamy Nathanaël'),
('50226', 'RAMAROSON Mamy Ny Arontsoa'),
('50227', 'RANDRIANANDRASANA Maurice Léon Nathasie'),
('50228', 'VONINANDRASANAMBINITSOA Miarisoa Sharel'),
('50229', 'RAHERIFALIMANANTSOA Mihobinirina'),
('50230', 'JONAH SAMBATRINIAINA Mikanto Julietto'),
('50231', 'HERINDRAINY Narovana Fitahiana'),
('50232', 'RAKOTOMALALA Ndrasana Nantenaina'),
('50233', 'ANDRIAHAJAINA Nirinarinjaka Stéphan'),
('50234', 'RAHERINIAINA Njakatiana Landry'),
('50235', 'RAHARIJAONA Nomenjanahary Tsiorisoa Loïck'),
('50236', 'HERIKAJA Ny Tinamihamina Marcy'),
('50237', 'FITIANTSOA patrice Evra Mampionina Remandy'),
('50238', 'ANDRIANIAINA Paulin Carheka Angelot'),
('50239', 'RAMANANDRAIBE Rajo Lorenjo'),
('50240', 'RAKOTOARIMANANA Ravo Marius Abel'),
('50241', 'RANDRIAMAMPIONONA Rojoniaina Jeani Régis'),
('50242', 'ANDRIANAMBININTSOA Rovaniaina Kenyoh'),
('50243', 'RAKOTOMALALA Saina Miotisoa'),
('50244', 'RANDRIAMBOLOLONA Soloniaina Jean Honoré'),
('50245', 'RAKOTOVAO Tafitaniaina Thibaut Gwenolé'),
('50246', 'RAZANAMAHARO Tiana Andriniaina'),
('50247', 'RAKOTOVAO Toavina Ryan'),
('50248', 'RAVELONJANAHARY Toky'),
('50249', 'ANDRIAMANANTENA Tsiorisoa Chrysante'),
('50250', 'RASOLONJATOVO Tsitohaina'),
('50251', 'FANOMEZANTSOA Zaratiana Zoelino'),
('60101', 'RAKOTOMALALA Aina Ifaliana Joshua Martino'),
('60102', 'RATSIMBAZAFY Andoniaina Lucas'),
('60103', 'ANDRIANAIVOSON Anjaniaina Kenny'),
('60104', 'HASIMIJORO Aroniavo Mitondrasoa Ashante'),
('60105', 'ANDRIMANANA Bryan'),
('60106', 'RAJONARIVO Danis Rayann'),
('60107', 'MANALILALAINA Diary'),
('60108', 'ANDRIANJAFY Fabien Romano'),
('60109', 'TOLOTRINIAVO Fanambinantsoa Justin Princy'),
('60110', 'RATOVONIRINA Fanomezantsoa Jean Marc'),
('60111', 'NOMENJANAHARY Fenitriniaina Oliverrio'),
('60112', 'ANDRIAMAMPIARINA Fenosoa'),
('60113', 'RAKOTOMALALA Fitahiana Ysmaël Lyonel'),
('60114', 'RANDRIANARIVELO Gilliano Séraphin'),
('60115', 'ANDRIANIRINA Herimamy Armand'),
('60116', 'RAKOTONIAINA Hervé'),
('60117', 'RAKOTOARISON Isaïa Ny Andritiana'),
('60118', 'RAMAHATRADRAIBE Jean Frédéric'),
('60119', 'ANDRIANTSALAMA Jonah Manoël'),
('60120', 'RAMIARINANDRASANA Judiot'),
('60121', 'RAKOTOARISOA Kotoson Manou Anthonio'),
('60122', 'RANDRIANTSARA Lucio Murphy'),
('60123', 'RIVO Maharo Jedidiah'),
('60124', 'RABENARIVO Maminiaina Modeste'),
('60125', 'NOMENJANAHARY Mamy Fitia'),
('60126', 'ANDRIANAMBININA Miary Keysi Rayan'),
('60127', 'RANDRIA Miharisoa Braydinah'),
('60128', 'JOHARY Nirina Ricardo'),
('60129', 'ANDRIANTSOA Nofinomena Harrys'),
('60130', 'FINARITRINIAINA Ny Antso Feno Fitiavana'),
('60131', 'ANDRIAMANAMBINA Richard Samson'),
('60132', 'RAZAFIMANANTSOA Ryan Sarobidy'),
('60133', 'RAKOTONIRINA Sitraka Andry Manitra'),
('60134', 'NASANDRATRINIAVO Toavina Mahery'),
('60135', 'ANDRIANIRINA Tsihosena Guy Adoré Nathanaël'),
('60136', 'MAMINIAINA Tsinjoniavo Mamonjisoa Louis Alliance'),
('60137', 'ANDRIAMANDRESY Tsitohaina Jason'),
('60138', 'RAFANOHARANA Zafinirina Edena Princio'),
('60201', 'MAILHOL Malalatiana Mathieu Bryan'),
('60202', 'MANJAKANIAINA Alberto Nicolas'),
('60203', 'TOLOJANAHARY Andriamahalaza III Boniface Mario'),
('60204', 'NOFINJAKATIANA Antoine Padoue'),
('60205', 'TOLOJANAHARY Beatrice'),
('60206', 'BOTO Cégar Nambinintsoa Honoré'),
('60207', 'RATSIMBAZAFY David Benoît'),
('60208', 'RANARIVELO Diary Manjaka Torran Pierre'),
('60209', 'ANDRIANJAKA Fameno'),
('60210', 'RAMAHARAVO Fanambinantsoa Rayan'),
('60211', 'HAJANOMENJANAHARY Felix'),
('60212', 'ANJARASOAMANAMBINA Feno Jean Georgias'),
('60214', 'RAZAFITSOTRA Fleury Wennes Mexice'),
('60215', 'ANDRIAMBOLOLONA Hardy Enzo'),
('60216', 'HERIMANJAKA Harena Francky'),
('60217', 'RADOMANANA Herimanjaka Tsiresy'),
('60218', 'ANDRINIAINA Herizo Mikaya Gervais'),
('60219', 'FITAHIANJANAHARY Hobinantenaina'),
('60220', 'RANDRIANAILAZA Jean François'),
('60221', 'RAMAMIARITINA Jean Mario'),
('60222', 'ANDRINILAINA José'),
('60223', 'ANDRIAMAHERIMANANA Kevin Rico'),
('60224', 'RANDRIAMANANA Lanjaniaina Dylan'),
('60225', 'MAMIMALALA Lyane Youssef Léonardo'),
('60226', 'NOMENA Mahefasoa Tokiniaina Toni'),
('60227', 'ANDRIARIHAJA Mamitiana Cédric'),
('60228', 'RAFANOMEZANTSOA Manampisoa Christiano'),
('60229', 'RAKOTONIAINA Manoël Anjara Voary'),
('60230', 'FIFALIANA Mario'),
('60231', 'NDRANTONANTENAINTSOA Miharitia Nathan'),
('60232', 'RANDRIANIRINA Njara Nekena Tantely Taminjanahary'),
('60233', 'ANDRIANINA Raï Mirado'),
('60234', 'VAHOHO NOMENJANAHARY Robinho Léonardo'),
('60236', 'NIRINTSOA Tefy Rayan'),
('60237', 'RAJOELISON Tokiniaina Dolfis'),
('60238', 'RAMANANDRAIBE Tsilavina Elie'),
('60239', 'ANDRIANIRINA Tsioritiana Vavaka Christian'),
('60240', 'BENJAMIHAJA Vahatriniaina Tefy'),
('60241', 'RAFANOHARANA Zafinirina Fiadanana Princilla'),
('60301', 'RAKOTONIRINA Aimé Léon'),
('60302', 'RAKOTONIAINA Ambinintsoa Judichaël'),
('60303', 'FANAIKY Andriatsilavina'),
('60304', 'RANDRIAMAROSON Antraniavo Miharisoa Mahery'),
('60305', 'ARIVELO Brayan Warren'),
('60306', 'MAMINIAINA Charles Fridas'),
('60307', 'HERINIAINA Delossy Justin'),
('60308', 'RALAHINIRIKO Elysé'),
('60309', 'HAINGONANDRASANA Fameno Rojoniaina Maël'),
('60310', 'RABEZANAHARY Faniry Ny Aina'),
('60311', 'RANDRIAMAMONJISOA Fenitriniaina Herlain'),
('60312', 'RANDRIAMANANTENA Fenokanto'),
('60313', 'RANDRIAMAGNAVA Fitahiana Désiré Lyndo'),
('60314', 'TAHINIAVO Gabriel'),
('60315', 'ANDRIAMAMPIONONA Hasiniaina Francisco'),
('60316', 'RAKOTONIRINA Heritina Wila'),
('60317', 'HERINANDRASANA Honoré Thomas d\'Aquin'),
('60318', 'TOLOTRINIAINA Jean Frederic'),
('60319', 'RABARIMANANA Jerry Arisoa'),
('60320', 'RANDRIANANTENAINA Joseph'),
('60321', 'RATOVONIAINA Kiadisoa Christian'),
('60322', 'ANDRIANAMBININA Lovaniaina Phanoël'),
('60323', 'NAJORONDRENIBENY Maharavo Fenohery'),
('60324', 'RAZAFINDRAJOELINA Maminiaina Bienvenu'),
('60325', 'RANDRIANOMENJANAHARY Mamitiana Francky'),
('60326', 'ANDRIATIANDRAINY Mandaniaina Eric Cody'),
('60327', 'RASAMISON Miaro Sitraky Ny Avo'),
('60329', 'RALISON Nathan Anthoni Ulrisse'),
('60330', 'RATEFINJANAHARY NY Aina Fenitra'),
('60331', 'FIFALIANTSOA Ramahavivitra Karmelio Chartice'),
('60332', 'RATSIRAKA Rolland'),
('60333', 'ANDRIANALIMALALA Sarobidy Mikaya'),
('60334', 'RAHOVA FEHIZORONIRINA Stephane'),
('60335', 'ANDRIANIRINA Tiaray Fitahiana'),
('60336', 'ANJARAFANAMBINANTSOA Tonny'),
('60337', 'DAVIDSON RASOLONJATOVO Tsilavo Henikaja'),
('60338', 'NDRANTOMANAMPY Tsiory André'),
('60339', 'RAKOTOMANANA Zafindraibe Faniriana Victorien'),
('60340', 'TSILAVINA Zara Ortega'),
('70101', 'RAKOTOARIMANANA Andiniaina Patrick Abel'),
('70102', 'RASAONA Andistéphano Ericka'),
('70103', 'RAKOTONIAINA Andriamampihavana Fandresena'),
('70104', 'RAJAONARY Andriatsilavo Rajo'),
('70105', 'RANDRIAMAMONJISOA Anthony Wisley'),
('70106', 'LAHATRINIAVO Asamoah'),
('70107', 'AHMAD ROBERTO Badjio Lucas Chantos'),
('70108', 'HERINAROVANA Ceddy Princio Edouard'),
('70109', 'RANDRIANARISATA Diariniaina'),
('70110', 'RANDRIAMALALA Diarisarobidy Agnel'),
('70111', 'RATSIMBAZAFY Elie Fanantenana'),
('70112', 'ANDRIANARIVO Fanambinantsoa Samson Bernard'),
('70113', 'RAMIANDRISOA Fanilo Arifenitra'),
('70114', 'RAKITRINIAINA Fanomezantsoa Sarobidy'),
('70115', 'TAHINJANAHARY Fetratiana Christino'),
('70116', 'ANDRIANOMENIAVO Fitsikiana Samuëlot'),
('70117', 'RAZAKARIVELO François Joseph Marcelo'),
('70118', 'FINIDY NY SAINA Fyto'),
('70119', 'RABARIJAONA Hasiniaina Nicolas'),
('70120', 'RAMBELOSON Herindrainy François'),
('70121', 'NOMENJANAHARY Herivola Marcel'),
('70122', 'JOSVENUO Idéal Yuca'),
('70123', 'FANOMEZANTSOA Jean Rico'),
('70124', 'MAMIMALALA Léon Christinoh'),
('70125', 'TSIORINIRINA Lovanomenjanahary Lehatalo'),
('70126', 'HERINDRAINY Manambintsoa Juricho'),
('70127', 'ANKAFIZINOMENJANAHARY Mathieu Rocken'),
('70128', 'RATSITO Miandrasoa Ny Avo'),
('70129', 'RAFANOMEZANTSOA Mionja'),
('70130', 'RATOMBOTSOA Nantenaina Michael'),
('70131', 'ANJARASOA Nirina'),
('70132', 'RAZAFINTSALAMA Ny Aintsoa Arilanja'),
('70133', 'ANDRIAMALALA Ny Aro Mahatoky'),
('70134', 'RAFANOMEZANTSOA Ny Finoana Lee Donatien'),
('70135', 'ROSAIRAIE Rakotoarimanana Joseph Mathieu'),
('70136', 'RANDRIATSARA Sitraka Nomenjanahary'),
('70137', 'RALAIZAFY Tiana Jordy Albert'),
('70138', 'RAZAFIMAHATRATRA Tojonirina François'),
('70139', 'FANAIKY Toniniaiko Fabio Michel'),
('70140', 'RAMAMONJISOA Tsiky Fandresena'),
('70141', 'RANDRIANARIVELO Tsiresinandimby Yannick'),
('70142', 'FANORENANTSOA Valimbavaka Avotra Kevin'),
('70201', 'VONJINIRINA ADELIN KEVIN ADELIN KEVIN'),
('70202', 'RAFANOMEZANTSOA Alison Modeste'),
('70203', 'TOJONANTENAINA Andrean Michaël'),
('70204', 'RAKOTOZAFY ANDRIAMBELO Aina Fenoezaka'),
('70205', 'RAKOTOSON Andriniaina Fy Tahiana'),
('70206', 'RATEFIARINJATO Antsatoky Ankasitrahana'),
('70207', 'RANDRIAFIDISON Avotraina Jean Delore'),
('70208', 'TOKINJANAHARY Bienvenu Stephan Elias'),
('70209', 'RAZANAJATOVO Christo Victorien'),
('70210', 'SOJA Fagnampendrae'),
('70211', 'RAZANATSIMBA Fanevatsiresy Lucas'),
('70212', 'FITIARINONY Faniloniriko Messi'),
('70213', 'RAKOTONINDRAINY Finoana Meltino'),
('70214', 'RANDRIANJANAKOLONA Fitahiantsoa Nandrianina'),
('70215', 'NOMENIAVO Fitia Jhayardo'),
('70216', 'FANAMBINANTSOA Fitiavana Ortence'),
('70217', 'ANDRIANANTENAINA Hardy Douglas'),
('70218', 'RAMANANKILANA Henintsoa Brayan Ismaël'),
('70219', 'RAFANOMEZANTSOA Heriniaina Fitiavana'),
('70220', 'RAKOTONIAINA Hudson'),
('70221', 'TOKY Iarisoa Aymar'),
('70222', 'RAKOTOVOAVIARINJAKA Jean Marie Christian'),
('70223', 'FANOMEZANTSOA Kelly Brayant'),
('70224', 'ANDRIANANDRASANA Liantsoa Jean Kenedhy'),
('70225', 'ANDRIAMIANTSA Lovasoa Tahinjanahary'),
('70226', 'RAMAMONJY Manohy Andriamikalonogny César'),
('70227', 'ANDRIANINA Matias Fabrice'),
('70228', 'VONINIAINA Mianja Fanaja'),
('70229', 'ANDRIANARIVO Nambinintsoa John Mario'),
('70230', 'RASOLOMAMPIONONA Nekena'),
('70231', 'AVOTRINIAINA Nodier Rickenzo'),
('70232', 'RANDRIANJATOVO Ny Anjarasoa'),
('70233', 'ANDRIANIAINA Ny Fandresena Mazà Anicet'),
('70234', 'ANDRIAMIHAJA Samson Anthonio'),
('70235', 'MAHAZOSOA Sitraka Andoniaina'),
('70236', 'RINDRARIJAONA Tefiniaina'),
('70237', 'ANDRIANALIJAONA Tinah Esly'),
('70238', 'FANIRIANTSOA Tolotriniaina'),
('70239', 'RAHOLISON Tsanta Aritiana'),
('70241', 'ANDRIAMANARINA Tsiresy Lorenzo Arnaud'),
('70242', 'TOLOJANAHARY Valisoa Antonio'),
('70243', 'ANDRIANASOLO Mandasimbola Mandresy Juliot'),
('80101', 'ANDRIAMANANORO Andolalaina Aaron'),
('80102', 'RATSIMBAZAFY Andrinirina Michaël'),
('80103', 'MAROMAMONJY Anjaratina Rayndy'),
('80104', 'RAHERINANDRASANA Antsa Omega Ismaël'),
('80105', 'ARILALA Antso Ny Avo Luca'),
('80106', 'RANDRIANANTENAINA Aryan Samuel'),
('80107', 'RAHAJANIRINA Barjohn Edouardo'),
('80108', 'HANITRARIVO Charles Fanomezantsoa'),
('80109', 'RAZAFIMIRANTSOA Clerk'),
('80110', 'RANDRIANARIVONY Eddiny Princino'),
('80111', 'TOLOJANAHARY Fanambinantsoa Ny Cardinot'),
('80112', 'ANDRIATSILAVO Fandresena'),
('80113', 'RANDRIAFIDISON Fandresena Nomeniavo Davide'),
('80114', 'RAJOHANESA Fehy Mampiandrasoa'),
('80115', 'ANDRIANANTENAINA Fenosoa Antonio'),
('80116', 'RANDRIAMANANTENA François Maxime'),
('80117', 'ANDRIANIRINA Hajatiana'),
('80118', 'RANDRIANOMENJANAHARY Heriniaina Freddy'),
('80119', 'RANDRIANTSOA Jean de Paul'),
('80120', 'ANDRIATSIMANIRY Jhen-Thiram'),
('80121', 'TOLOTRINIAVO Justin'),
('80122', 'HERINIAINA Kevin Lucas'),
('80123', 'MAMINIRINA Lova Ny Aina Angelo Princy'),
('80124', 'AVOTRINIAINA Maminirina François Eldino'),
('80125', 'RAFANOMEZANTSOA Mamy Kevin'),
('80126', 'ANDRIHERINIRINA Manajason Florien'),
('80127', 'RAMBOLAMANANA Marcel David'),
('80128', 'FELICIEN Mickaël'),
('80129', 'RATSIRALOVANIRINA Miranto Léonce'),
('80130', 'HERIMAHAROTIANJARA Momsaine'),
('80131', 'RAVELOSON Nantenaina Bryanca Rénaud'),
('80132', 'ANDRIANOMENA Narovaniavo'),
('80133', 'ZONANDRASANA Noëlise Cristian'),
('80134', 'RAMITSIRY Paul Jady'),
('80135', 'TOLOJANAHARY Princio'),
('80136', 'RALALASON Rajotina Finoana'),
('80137', 'RAKOTONIRAINY Ratsimbarison Hoby'),
('80138', 'NOMENTSOA Roddick'),
('80139', 'MANDIMBIRAY Sambatra Mattis'),
('80140', 'NASOLONDRAIBE Sandriot'),
('80141', 'ANDRAINA Stano'),
('80142', 'BEURARD Steeven Vicki'),
('80143', 'NAMBININJANAHARY Tafitasoa Léonardo'),
('80144', 'NIANJARA Tanteliniaiko Mirado'),
('80145', 'RANDRIAMAMPIONONA Tendry Ny Avo Régis'),
('80146', 'ROJO Tolojanahary Jean Christophe'),
('80147', 'RABEMAHAFALY Tsiavahana Ryan Stanley'),
('80148', 'RANDRIANANDRASANA Tsiorintsoa Giovanni'),
('80149', 'RAJOHANESA Vahy Miarintsoa'),
('80201', 'RANDRIAMIRADO Alex Rayane'),
('80202', 'ANDRIANAROVANA Alinoro'),
('80203', 'MAMISOA Andrianiaina Ricardo Aimée Michel'),
('80204', 'RANDRIAMIHANTA Anjaniaina Colbert'),
('80205', 'FANOMEZANTSOA Arnaud Anthony'),
('80206', 'MAMITIANA Augustin Jelddy'),
('80207', 'RANDRIANALIMALALA Candy Ismaëlle'),
('80208', 'ANDRINIRINA David Karoza'),
('80209', 'NOMENJANAHARY Elizario'),
('80210', 'RANDRIAMIARISOA Fanantenana Leonardi'),
('80211', 'DESTINY Fandresena'),
('80212', 'ANDONIAINA Fanekena Manou'),
('80213', 'NOMENJANAHARY Fenosoa Abraham Brigiot'),
('80214', 'HARENA FENOFITAHIANA Firariantsoa Pièrre'),
('80215', 'SAMBATRANIRINA Françisco Abel'),
('80216', 'RAKOTO Hajarisoa Hareniaina Fabio'),
('80217', 'RANDRIAMBOLOLONA Haritiana Lorenzo'),
('80218', 'RAZANAJATOVO Hasiniaina Yenny Joyce'),
('80219', 'RAKOTOARIMANANA Heriniaina Anthonio Abel'),
('80220', 'ANDRIATSAROANA Jabeza Jiré'),
('80221', 'RAMIELISON Jean René'),
('80222', 'TSIMINDRATSARA Jean Rino'),
('80223', 'ANDRIANANTENAINA Joseph Ericka'),
('80224', 'RANDRIARISON Kenny Cédric'),
('80225', 'RANDRIANARISATA Kiadiniaina'),
('80226', 'RANDROLAHY Maminirina Anthonio'),
('80227', 'RANDRIANILAINA Maminirina Olivier'),
('80228', 'RANDRIANAIVO Mamitiana Thierry'),
('80229', 'ANDRIAMISA Mamy Ny Aina Mandresy'),
('80230', 'ANDRIANJAFINANAHARY Marc Alison'),
('80231', 'SITRAKINIAINA Mari Nestordon'),
('80232', 'RAKOTOMALALA Nambinintsoa Adriano Stanley'),
('80233', 'FANOMEZANTSOA Nantenaina Christiano'),
('80234', 'RATOLOJANAHARY Nirojohns Joroson Sabriel'),
('80235', 'FANILONDRAIBE Pière Michel'),
('80236', 'RAVELONANTENAINA Princy Fenosoa'),
('80237', 'RANDRIATSARANIALA Rarinirina'),
('80238', 'RAKOTONIRINA Raymond Juliano'),
('80239', 'ANDRIANTSAHALA Safidiarimanana Tiavina Lucardo'),
('80240', 'SANTATRINIAINA Sanda Franci'),
('80241', 'FITAHIANJANAHARY Santatriniaina Cristianot'),
('80242', 'RAZAKANDRAINY Sederanirina'),
('80243', 'RAKOTOARIVELO Soloniaina Norah'),
('80244', 'ANDRIAMAMPIHAVANA Tahinjanahary Nomena'),
('80245', 'NDRANTOMANAMPY Taratra André'),
('80246', 'ANDRIARISOA Too-jho Sylverio'),
('80247', 'FEHIZORONANTENAINA Tsantanirina Mitia'),
('80248', 'RATOLOJANAHARY Tsiferana Lando Pascal'),
('90101', 'MAMPIANDRARISON Aimé Tsanta'),
('90102', 'RATOBISON Andriatahiana'),
('90103', 'NDRIAMANORO Anjaranirina David Uriel'),
('90104', 'VALIMBAVAKA Aymard Randja Di-Maria'),
('90105', 'RAPANARIVO David'),
('90106', 'RAFIDISON Eddy Bruno'),
('90107', 'ANDRIANJAKAPAHASOAVANA Emiliano'),
('90108', 'RAZAFIMANDIMBY Emmanuel Stevio'),
('90109', 'ANDRIAMBOLOLONA Fahasoavana Said Alli'),
('90110', 'RAKOTONDRAMANGA Fenonirina Sarobidy Sylvanoh'),
('90111', 'ANDRIANIRINA Finoaniaina'),
('90112', 'HARINIAINA Fy Ambinintsoa'),
('90113', 'ANDRIANJAKARIMANANA Harena Andraina'),
('90114', 'RAZAKATIANARIVO Hareniaina Marcel'),
('90115', 'RAKOTOARIMALALA Henintsoa'),
('90116', 'RANDRIATSARAFARA Heriniaina Emiliano'),
('90117', 'ANDRIAMAHENINA Heritina Dominique'),
('90118', 'TSIALONINDRAIBE Jaren'),
('90119', 'RAFALISOA Jean Pascal'),
('90120', 'RAZAFINTSALAMA Joro Ny Aina'),
('90121', 'FAHATSIAROVANA Kaïl Minéor'),
('90122', 'RAVOAVISON Lova Lucas'),
('90123', 'ANDRIANTSAFIDY Lucas Ny Antso'),
('90124', 'TSIREFESIMANANA Mamimisaina Riberto'),
('90125', 'TENINIARAHANA Maminkavana Joachin'),
('90126', 'ANDRIATSIHOARANA Mandimbilaza Mpandresy'),
('90127', 'NOELINANDRIANINA Miariniriko Erico'),
('90128', 'RAZAFINDRANAIVO Mihajanirina Mathias'),
('90129', 'TOLOJANAHARY Mikanto'),
('90130', 'RAMAMONJISOA Nandraina'),
('90131', 'RATOJOLAHY Nirina Françisse Angelot'),
('90132', 'RINDRANIAINA Nirina Xavier'),
('90133', 'RAMIANDRISOA Nomeniajarimanana Fiderana'),
('90134', 'RANDRIANANDRASANA Notahinjanahary Princio Casmir'),
('90135', 'ANDRIANASOAVINA Ny Avotsiory Ariniaiko'),
('90136', 'ANDRIANIRINIAINA NyAro Mégan'),
('90137', 'HAJARIMBOLA Rakotonandrasana Mischi'),
('90138', 'TOLOJANAHARY Sandrio'),
('90139', 'RAKOTONIRINA Sitrakiniavo Effraime'),
('90140', 'ARINIRINA Steeve Yaël'),
('90141', 'ANDRIATSITOHAINA Tafitasoa Christiano'),
('90142', 'RANDRIANITSIRIANA Tendry Ny Avo Ambinintsoa Aimé'),
('90143', 'TOJONIRINA Tinoh'),
('90144', 'RAZAFITSIFERANA Tsiresena'),
('90145', 'RAVELOMANANJO Yaro Ryan'),
('90146', 'HERINIAINA Zézé Goldino'),
('90201', 'RAKOTONIRINA Andoniaina Michelot'),
('90202', 'RAKOTOARISON Andy Luka'),
('90203', 'NDRANTO Avo Tsiky'),
('90204', 'RAKOTOZAFY Christophin'),
('90205', 'FENOTOKINIAVO Diamondra Bryan'),
('90206', 'ANDRIANOMENY El-Gibor San Rickello'),
('90207', 'RAKOTOZAFY Emmanuel'),
('90208', 'RALAIVAO Fanambinana Odilon'),
('90209', 'RAZANDRINDRAINY Fidèle'),
('90210', 'RAZAFIMANDIMBY François Robena'),
('90211', 'TSISETRAY Hajanomena Ismaël'),
('90212', 'ANDRIANANTENAINA Harena Malala Diem\'s Oldi'),
('90213', 'RAKOTONOVONJENA Harentsoa Ismael'),
('90214', 'RAKOTONIRINA Henintsoa Jason'),
('90215', 'RAFANOMEZANTSOA Heriniaina Fabrice'),
('90216', 'ZAKASOA Heritianarivelo Ericardo'),
('90217', 'NOMENJANAHARY Herizo Bonaventure'),
('90218', 'MANITRINIAINA Irintsoa Mariot'),
('90219', 'RATIANARISON Isaac Erion'),
('90220', 'NOMENIAVOSOA Jean Frédéric'),
('90221', 'TOLOJANAHARY Jeremia Ricardo'),
('90222', 'VAHATRINIAINA Joseph Antonio'),
('90223', 'VAHOHO NOMENJANAHARY Lahizafy Zakaria'),
('90224', 'RAMIANDRISOA Lovaniaina Rivo Thony'),
('90225', 'MAMITIANA Macki Jean Berthino'),
('90226', 'SOADARA Maminiaina Christiandro'),
('90227', 'FANOMEZANTSOA Mamitiana'),
('90228', 'INDRIANIRISON Miarigna'),
('90229', 'RALALAMIHANTA Miary Nannou Stanislas'),
('90230', 'RANDRIANANTENAINA Nicola Tommy'),
('90231', 'FANOMEZANTSOA Noëlson Mamitiana'),
('90232', 'HERITSIRAVA Nomenjanahary Christoph'),
('90233', 'RAKOTOMALALA Ny Avo Harentsoa Noah'),
('90234', 'AMBININTSOA Ny Avo Mandresy'),
('90235', 'RAZAFIMANDIMBY Parfait'),
('90236', 'RAKOTONIRINA Safidy Manankasina'),
('90237', 'RALAIZANAKA Sarobidy Mario'),
('90238', 'MAMINIAINA Solay Sanji'),
('90239', 'ANDRIVAHATRINIAVO Stivano'),
('90240', 'RAKOTOARISOA Tanjona My Haja Fidelis'),
('90241', 'RAKOTOMALALA Thinasoa'),
('90242', 'ANDRE Thomas'),
('90243', 'ANDRIARISOA Too-jho Stephanio'),
('90244', 'RAKOTOVAO Tsiaro'),
('90245', 'MBININTSOA Tsiry Ny Aina Mannu Judicael');
INSERT INTO `eleve` (`numeroMatricule`, `nom`) VALUES
('90246', 'ANDRIAMAMONJY Yori Nathan Joseph');

-- --------------------------------------------------------

--
-- Structure de la table `emprunter`
--

CREATE TABLE `emprunter` (
  `id` int(11) NOT NULL,
  `codeEmprunteur` varchar(10) NOT NULL,
  `codeLivre` varchar(10) NOT NULL,
  `dateEmprunt` date NOT NULL,
  `finEmprunt` date NOT NULL,
  `classe` varchar(10) DEFAULT NULL,
  `anneeScolaire` varchar(10) NOT NULL,
  `nombreLivre` int(11) NOT NULL,
  `statut` varchar(10) NOT NULL
) ENGINE=InnoDB DEFAULT CHARSET=utf8mb4 COLLATE=utf8mb4_general_ci;

--
-- Déchargement des données de la table `emprunter`
--

INSERT INTO `emprunter` (`id`, `codeEmprunteur`, `codeLivre`, `dateEmprunt`, `finEmprunt`, `classe`, `anneeScolaire`, `nombreLivre`, `statut`) VALUES
(3, 'prof-1', 'liv-3', '2023-09-09', '2023-09-15', '12 B', '2022-2023', 1, 'Ok'),
(4, '3295', 'liv-4', '2023-09-02', '2023-09-14', '12 C', '2022-2023', 1, 'Ok'),
(5, '3295', 'liv-5', '2023-09-02', '2023-09-22', '12 B', '2022-2023', 2, 'En retard'),
(6, '05001', 'liv-5', '2023-09-01', '2023-09-05', '10 C', '2022-2023', 1, 'En retard'),
(7, '05007', 'liv-5', '2023-09-02', '2023-09-03', '10 C', '2022-2023', 1, 'En retard'),
(8, '05010', 'liv-4', '2023-09-01', '2023-09-03', '12 B', '2022-2023', 1, 'En retard'),
(9, '05006', 'liv-4', '2023-09-09', '2023-09-14', '11 A', '2022-2023', 1, 'En retard'),
(10, '05016', 'liv-4', '2023-09-08', '2023-09-15', '9 B', '2022-2023', 1, 'En retard'),
(11, '05012', 'liv-3', '2023-09-01', '2023-09-07', '1L 1', '2022-2023', 1, 'En retard'),
(12, '05015', 'liv-3', '2023-09-07', '2023-09-14', '4 B', '2023-2024', 1, 'En retard'),
(13, '05011', 'liv-3', '2023-09-07', '2023-09-21', '4 B', '2022-2023', 1, 'En retard'),
(14, '05032', 'liv-5', '2023-09-02', '2023-09-20', '12 A', '2022-2023', 1, 'En retard'),
(15, '3535', 'liv-5', '2023-09-07', '2023-09-08', '1S 1', '2023-2024', 1, 'Ok'),
(16, '30203', 'liv-5', '2023-09-20', '2023-09-21', '7 A', '2023-2024', 1, 'En retard');

-- --------------------------------------------------------

--
-- Structure de la table `etagere`
--

CREATE TABLE `etagere` (
  `idEtagere` varchar(10) NOT NULL,
  `libelleEtagere` varchar(100) NOT NULL
) ENGINE=InnoDB DEFAULT CHARSET=utf8mb4 COLLATE=utf8mb4_general_ci;

--
-- Déchargement des données de la table `etagere`
--

INSERT INTO `etagere` (`idEtagere`, `libelleEtagere`) VALUES
('eta-1', 'Etagère 1'),
('eta-2', 'Etagère 2');

-- --------------------------------------------------------

--
-- Structure de la table `groupe`
--

CREATE TABLE `groupe` (
  `idGroupe` varchar(10) NOT NULL,
  `libelleGroupe` varchar(100) NOT NULL,
  `pfEtagere` enum('Pile','Face') NOT NULL,
  `idEtagere` varchar(10) NOT NULL
) ENGINE=InnoDB DEFAULT CHARSET=utf8mb4 COLLATE=utf8mb4_general_ci;

--
-- Déchargement des données de la table `groupe`
--

INSERT INTO `groupe` (`idGroupe`, `libelleGroupe`, `pfEtagere`, `idEtagere`) VALUES
('gp-1', 'Livre de poche', 'Pile', 'eta-1'),
('gp-2', 'Livre divers', 'Face', 'eta-2');

-- --------------------------------------------------------

--
-- Structure de la table `livre`
--

CREATE TABLE `livre` (
  `codeLivre` varchar(10) NOT NULL,
  `libelleLivre` varchar(100) NOT NULL,
  `auteurLivre` varchar(100) DEFAULT NULL,
  `nombrePage` varchar(10) DEFAULT NULL,
  `nombreLivre` int(11) NOT NULL,
  `idGroupe` varchar(10) NOT NULL,
  `idType` varchar(10) NOT NULL
) ENGINE=InnoDB DEFAULT CHARSET=utf8mb4 COLLATE=utf8mb4_general_ci;

--
-- Déchargement des données de la table `livre`
--

INSERT INTO `livre` (`codeLivre`, `libelleLivre`, `auteurLivre`, `nombrePage`, `nombreLivre`, `idGroupe`, `idType`) VALUES
('liv-1', 'Lala sy Noro', NULL, NULL, 3, 'gp-1', 'tp-3'),
('liv-2', 'Lovako T5', '', '120', 2, 'gp-2', 'tp-3'),
('liv-3', 'Spider-man', '', '', 3, 'gp-1', 'tp-4'),
('liv-4', 'Lala sy Noro', '', '100', 5, 'gp-2', 'tp-5'),
('liv-5', 'Lovako T5', '', '75', 50, 'gp-2', 'tp-5');

-- --------------------------------------------------------

--
-- Structure de la table `professeur`
--

CREATE TABLE `professeur` (
  `codeProfesseur` varchar(10) NOT NULL,
  `nomProfesseur` varchar(100) NOT NULL
) ENGINE=InnoDB DEFAULT CHARSET=utf8mb4 COLLATE=utf8mb4_general_ci;

--
-- Déchargement des données de la table `professeur`
--

INSERT INTO `professeur` (`codeProfesseur`, `nomProfesseur`) VALUES
('prof-1', 'IHAFA Victor'),
('prof-2', 'test');

-- --------------------------------------------------------

--
-- Structure de la table `type`
--

CREATE TABLE `type` (
  `idType` varchar(10) NOT NULL,
  `libelleType` varchar(100) NOT NULL
) ENGINE=InnoDB DEFAULT CHARSET=utf8mb4 COLLATE=utf8mb4_general_ci;

--
-- Déchargement des données de la table `type`
--

INSERT INTO `type` (`idType`, `libelleType`) VALUES
('tp-1', 'Roman\r'),
('tp-2', 'Bande dessiné'),
('tp-4', 'Science fiction'),
('tp-5', 'Etudes');

-- --------------------------------------------------------

--
-- Structure de la table `utilisateur`
--

CREATE TABLE `utilisateur` (
  `user` varchar(100) NOT NULL,
  `password` varchar(100) NOT NULL
) ENGINE=InnoDB DEFAULT CHARSET=utf8mb4 COLLATE=utf8mb4_general_ci;

--
-- Déchargement des données de la table `utilisateur`
--

INSERT INTO `utilisateur` (`user`, `password`) VALUES
('lp-kmm', '5efc0546820e7cc8ea70ff5064c9837db5040c9630457a6ec60ec47955381d92');

--
-- Index pour les tables déchargées
--

--
-- Index pour la table `eleve`
--
ALTER TABLE `eleve`
  ADD PRIMARY KEY (`numeroMatricule`);

--
-- Index pour la table `emprunter`
--
ALTER TABLE `emprunter`
  ADD PRIMARY KEY (`id`);

--
-- Index pour la table `etagere`
--
ALTER TABLE `etagere`
  ADD PRIMARY KEY (`idEtagere`);

--
-- Index pour la table `groupe`
--
ALTER TABLE `groupe`
  ADD PRIMARY KEY (`idGroupe`);

--
-- Index pour la table `livre`
--
ALTER TABLE `livre`
  ADD PRIMARY KEY (`codeLivre`);

--
-- Index pour la table `type`
--
ALTER TABLE `type`
  ADD PRIMARY KEY (`idType`);

--
-- AUTO_INCREMENT pour les tables déchargées
--

--
-- AUTO_INCREMENT pour la table `emprunter`
--
ALTER TABLE `emprunter`
  MODIFY `id` int(11) NOT NULL AUTO_INCREMENT, AUTO_INCREMENT=17;
COMMIT;

/*!40101 SET CHARACTER_SET_CLIENT=@OLD_CHARACTER_SET_CLIENT */;
/*!40101 SET CHARACTER_SET_RESULTS=@OLD_CHARACTER_SET_RESULTS */;
/*!40101 SET COLLATION_CONNECTION=@OLD_COLLATION_CONNECTION */;
